Date,Open,High,Low,Closing_Price,Volume
2021-01-01,52.43,53.84,50.73,51.85,300599
2021-01-04,51.53,53.29,51.33,51.41,500244
2021-01-05,48.15,50.0,46.81,47.43,363706
2021-01-06,56.67,57.22,55.55,55.72,553793
2021-01-07,51.36,53.69,51.05,51.95,355833
2021-01-08,47.35,49.44,46.17,47.66,340891
2021-01-11,53.19,54.36,51.31,52.79,377248
2021-01-12,48.23,50.19,47.46,47.97,386622
2021-01-13,49.83,50.61,49.59,50.51,507721
2021-01-14,48.57,50.4,48.09,48.49,420182
2021-01-15,51.74,52.77,49.7,51.54,207080
2021-01-18,47.92,48.66,45.95,48.31,455791
2021-01-19,55.32,56.69,53.47,54.57,496497
2021-01-20,57.93,60.38,57.71,58.72,279604
2021-01-21,59.0,60.6,57.87,58.03,148963
2021-01-22,56.82,58.84,56.33,57.13,280241
2021-01-25,64.72,64.97,63.13,64.26,413418
2021-01-26,53.24,54.83,52.66,54.19,574281
2021-01-27,52.05,54.09,50.23,52.51,495464
2021-01-28,59.66,60.54,57.8,58.72,162626
2021-01-29,60.16,61.42,57.86,59.29,361193
2021-02-01,55.31,57.3,53.51,55.62,464447
2021-02-02,52.44,53.96,51.46,52.9,228981
2021-02-03,54.58,56.07,53.84,54.19,247053
2021-02-04,56.43,57.37,56.33,57.3,245201
2021-02-05,56.87,57.57,55.93,56.04,322051
2021-02-08,61.38,62.5,60.72,60.81,297545
2021-02-09,58.97,60.66,58.48,59.85,164860
2021-02-10,55.54,56.68,54.64,56.08,193650
2021-02-11,60.19,61.47,58.37,60.14,407707
2021-02-12,63.39,65.27,62.33,63.54,470326
2021-02-15,58.64,59.8,57.28,59.5,156729
2021-02-16,56.21,58.32,55.3,56.8,496410
2021-02-17,60.14,60.73,59.81,60.46,267237
2021-02-18,64.87,65.77,63.63,64.78,409881
2021-02-19,60.11,61.82,57.88,59.87,405101
2021-02-22,62.55,62.72,61.35,62.23,404372
2021-02-23,62.81,63.42,62.02,62.69,271348
2021-02-24,60.68,61.23,60.53,61.12,273196
2021-02-25,59.52,61.13,58.01,59.23,366062
2021-02-26,57.47,59.18,57.15,57.66,285108
2021-03-01,61.32,62.29,59.8,61.15,261032
2021-03-02,61.77,62.95,61.05,61.42,310083
2021-03-03,61.07,62.69,58.95,60.19,510979
2021-03-04,62.63,64.1,62.31,62.98,157826
2021-03-05,62.79,63.12,60.86,62.03,437963
2021-03-08,66.25,66.83,64.44,66.27,330023
2021-03-09,57.18,59.6,56.03,57.76,314593
2021-03-10,65.0,66.69,62.88,64.05,356882
2021-03-11,62.67,63.73,61.7,63.43,482577
2021-03-12,58.28,58.82,58.05,58.49,329430
2021-03-15,57.67,59.16,56.42,58.09,491994
2021-03-16,64.39,64.5,63.53,63.63,458679
2021-03-17,60.57,61.64,59.4,61.37,385863
2021-03-18,65.2,66.34,63.6,64.59,404844
2021-03-19,65.75,67.62,64.76,64.78,442072
2021-03-22,65.33,65.83,64.61,65.82,181517
2021-03-23,62.64,64.61,62.45,62.73,421666
2021-03-24,65.77,66.47,64.11,66.21,441551
2021-03-25,65.43,66.54,64.43,66.09,453374
2021-03-26,69.61,71.37,67.96,69.1,437104
2021-03-29,67.22,68.01,65.07,66.5,513885
2021-03-30,70.69,72.44,70.04,70.52,460229
2021-03-31,67.24,67.94,65.42,67.19,429910
2021-04-01,61.69,64.01,61.43,62.58,542533
2021-04-02,62.0,62.02,60.29,61.98,396732
2021-04-05,65.45,66.35,64.39,65.69,335923
2021-04-06,65.34,66.86,65.02,65.88,217502
2021-04-07,70.57,71.96,70.19,70.36,291248
2021-04-08,63.85,64.3,62.95,63.91,392888
2021-04-09,65.03,65.49,62.91,64.87,272466
2021-04-12,71.77,73.97,71.15,72.45,428054
2021-04-13,67.17,68.05,65.62,67.01,419150
2021-04-14,68.05,69.12,66.12,67.78,113807
2021-04-15,67.24,67.65,64.47,66.3,253391
2021-04-16,64.33,66.02,62.83,63.82,130152
2021-04-19,62.79,64.38,61.85,62.61,145001
2021-04-20,64.71,66.34,62.62,64.36,338971
2021-04-21,67.59,67.88,65.71,66.9,300080
2021-04-22,69.01,70.46,68.61,69.55,235660
2021-04-23,70.58,70.86,68.98,70.2,240869
2021-04-26,68.94,71.34,67.63,69.88,447066
2021-04-27,62.88,63.94,60.8,62.41,390841
2021-04-28,68.65,70.6,67.08,67.7,325717
2021-04-29,69.29,69.39,66.98,68.8,297567
2021-04-30,69.41,70.54,68.12,70.4,339059
2021-05-03,70.72,71.85,69.81,70.23,457794
2021-05-04,65.05,65.37,64.18,64.51,233861
2021-05-05,67.88,68.48,67.51,68.38,286801
2021-05-06,64.77,66.14,63.4,64.53,347619
2021-05-07,68.4,68.92,67.98,68.16,425254
2021-05-10,71.91,73.44,70.14,72.12,409685
2021-05-11,71.98,73.09,70.91,72.89,141195
2021-05-12,69.6,71.86,69.52,70.15,421014
2021-05-13,66.73,68.49,66.08,66.72,474254
2021-05-14,69.09,70.0,67.32,68.48,210760
2021-05-17,71.79,72.82,70.38,71.67,199038
2021-05-18,67.78,67.97,66.71,67.72,407553
2021-05-19,68.76,70.49,67.83,69.51,346797
2021-05-20,67.69,68.07,67.56,67.7,188730
2021-05-21,70.38,72.48,70.37,70.56,310326
2021-05-24,69.28,70.26,67.27,68.7,260955
2021-05-25,69.16,70.26,66.78,68.74,499587
2021-05-26,67.18,69.12,66.22,66.99,140711
2021-05-27,66.48,68.64,64.68,67.3,263249
2021-05-28,69.06,70.64,68.33,70.01,387211
2021-05-31,70.91,72.4,69.79,71.15,302912
2021-06-01,64.41,65.58,62.59,65.2,271223
2021-06-02,71.56,72.49,71.08,71.79,221767
2021-06-03,66.03,67.41,65.61,67.0,397580
2021-06-04,69.3,70.33,67.51,69.41,198256
2021-06-07,70.33,71.42,69.57,69.97,260317
2021-06-08,68.87,69.19,67.06,68.12,283287
2021-06-09,72.61,74.36,70.83,73.41,344342
2021-06-10,74.19,75.17,73.61,74.23,456886
2021-06-11,69.05,69.63,68.36,68.5,440276
2021-06-14,69.41,70.35,68.58,70.31,219198
2021-06-15,70.73,71.91,69.75,70.63,187174
2021-06-16,65.4,66.3,63.61,65.04,208234
2021-06-17,72.2,72.29,71.63,71.85,441338
2021-06-18,74.69,75.76,74.33,75.57,292597
2021-06-21,67.03,68.49,65.39,67.16,322231
2021-06-22,74.14,75.55,73.01,74.21,474703
2021-06-23,76.75,77.42,75.82,75.92,412340
2021-06-24,69.64,71.44,68.25,69.79,293874
2021-06-25,77.19,78.73,76.92,77.5,386869
2021-06-28,72.42,72.8,70.79,72.14,434589
2021-06-29,72.95,73.73,70.75,72.41,203256
2021-06-30,77.49,79.05,75.84,77.22,262963
2021-07-01,74.9,75.74,73.55,74.53,365062
2021-07-02,73.57,74.33,71.43,73.18,359017
2021-07-05,67.54,68.33,66.06,67.96,244779
2021-07-06,72.55,73.05,71.91,72.99,456600
2021-07-07,75.98,77.02,74.84,76.58,480575
2021-07-08,69.49,70.68,68.73,68.84,455400
2021-07-09,68.04,69.24,66.66,68.7,446884
2021-07-12,73.05,73.64,71.65,73.13,246974
2021-07-13,71.24,73.2,69.59,70.44,460297
2021-07-14,71.73,74.66,71.51,72.71,220306
2021-07-15,64.8,66.72,64.03,64.13,448459
2021-07-16,69.23,69.66,67.57,69.64,428223
2021-07-19,65.57,67.21,65.09,66.49,460276
2021-07-20,72.82,73.75,71.92,73.72,243100
2021-07-21,75.98,77.24,74.62,75.39,514037
2021-07-22,77.18,77.21,75.96,76.8,405446
2021-07-23,69.12,69.82,68.19,69.74,230705
2021-07-26,69.92,72.46,68.91,70.6,489754
2021-07-27,68.71,69.59,66.69,67.97,348935
2021-07-28,66.94,68.11,64.97,66.04,256317
2021-07-29,69.04,71.62,67.48,69.91,275308
2021-07-30,72.65,73.85,72.17,73.4,482637
2021-08-02,69.76,71.36,68.1,70.62,336672
2021-08-03,66.35,68.48,64.47,66.89,162625
2021-08-04,66.46,68.66,65.99,67.14,496406
2021-08-05,70.84,72.38,69.24,71.3,302245
2021-08-06,74.57,75.06,74.15,74.48,219981
2021-08-09,66.22,67.08,65.75,66.86,276250
2021-08-10,76.21,77.05,74.22,76.46,501156
2021-08-11,71.92,74.07,71.3,72.28,477244
2021-08-12,72.97,73.36,71.34,72.05,151421
2021-08-13,74.66,74.83,72.27,73.75,170998
2021-08-16,70.96,72.16,69.47,71.07,353517
2021-08-17,69.48,69.63,67.42,68.61,231820
2021-08-18,69.41,69.65,69.4,69.62,278286
2021-08-19,71.56,72.93,70.41,70.89,265105
2021-08-20,72.15,74.65,70.65,73.1,311644
2021-08-23,70.67,70.71,68.36,69.84,283243
2021-08-24,73.95,76.45,73.7,74.57,177612
2021-08-25,66.91,68.43,65.09,67.71,517545
2021-08-26,71.33,72.39,70.21,72.3,297318
2021-08-27,70.49,71.88,68.06,69.98,454048
2021-08-30,68.06,68.72,67.53,68.57,318305
2021-08-31,71.95,74.03,71.0,72.55,363763
2021-09-01,72.62,74.54,72.12,72.68,246589
2021-09-02,73.22,73.91,72.08,72.34,270707
2021-09-03,73.23,73.76,71.44,73.14,297468
2021-09-06,71.99,73.77,71.15,71.41,247383
2021-09-07,70.45,70.65,67.87,69.48,364626
2021-09-08,70.61,73.07,70.02,71.53,121963
2021-09-09,68.11,69.46,65.56,67.3,286753
2021-09-10,71.72,73.06,71.52,72.55,193780
2021-09-13,62.01,63.03,60.37,62.26,513475
2021-09-14,73.31,74.25,72.17,72.88,382765
2021-09-15,70.64,70.92,68.65,69.9,299441
2021-09-16,68.81,69.39,67.55,67.9,409459
2021-09-17,64.08,64.72,63.85,64.53,531080
2021-09-20,69.89,70.98,69.85,70.29,158657
2021-09-21,63.36,64.31,63.16,64.26,300465
2021-09-22,71.91,72.45,69.85,71.32,466262
2021-09-23,68.58,70.15,67.7,68.91,445978
2021-09-24,67.55,69.3,67.2,67.22,271675
2021-09-27,70.08,71.13,69.25,69.77,268703
2021-09-28,68.04,68.45,65.28,67.21,389156
2021-09-29,71.29,72.51,69.65,70.61,380551
2021-09-30,65.12,66.23,64.74,65.79,504664
2021-10-01,70.07,71.23,70.01,70.94,487031
2021-10-04,71.36,71.94,70.66,71.28,231436
2021-10-05,67.36,68.14,65.7,67.42,496076
2021-10-06,72.45,74.41,71.71,71.85,366106
2021-10-07,72.71,74.68,70.99,72.23,260281
2021-10-08,62.77,64.27,61.9,63.13,263951
2021-10-11,69.79,70.98,69.25,69.78,225004
2021-10-12,62.25,63.06,61.72,62.97,222587
2021-10-13,64.68,64.72,62.55,64.19,242458
2021-10-14,67.01,67.17,65.98,66.76,484047
2021-10-15,70.39,71.55,68.86,70.31,144786
2021-10-18,62.21,64.53,60.82,63.09,176684
2021-10-19,66.96,68.07,65.19,66.39,235838
2021-10-20,69.53,71.53,67.23,68.95,166159
2021-10-21,69.94,71.02,69.21,69.51,365648
2021-10-22,66.85,68.03,65.56,66.06,254684
2021-10-25,65.84,67.26,64.98,65.46,358096
2021-10-26,63.5,64.26,61.95,63.17,468308
2021-10-27,68.04,69.09,65.74,67.11,242454
2021-10-28,67.62,68.7,66.17,67.85,144175
2021-10-29,67.73,69.33,67.37,67.87,384931
2021-11-01,61.35,62.17,61.06,61.67,453205
2021-11-02,67.88,69.82,67.16,68.7,366786
2021-11-03,63.83,65.18,62.52,64.29,489389
2021-11-04,66.76,68.08,65.09,66.54,372329
2021-11-05,65.58,67.55,63.78,66.43,412062
2021-11-08,63.74,64.3,62.83,64.17,444154
2021-11-09,69.66,71.0,67.23,68.97,191495
2021-11-10,69.93,71.74,68.02,70.42,173706
2021-11-11,64.31,66.21,62.61,65.12,243816
2021-11-12,67.71,69.53,65.3,67.18,226726
2021-11-15,65.31,66.64,63.14,65.0,281630
2021-11-16,65.63,67.36,65.38,66.24,160827
2021-11-17,69.86,71.87,69.81,70.47,256954
2021-11-18,70.23,71.02,69.86,70.02,410332
2021-11-19,64.62,66.51,63.39,65.16,263030
2021-11-22,66.52,67.2,66.26,66.74,247549
2021-11-23,60.05,62.19,59.05,60.69,240099
2021-11-24,64.33,65.99,62.98,64.68,305019
2021-11-25,70.77,72.07,68.7,70.61,483909
2021-11-26,68.15,70.46,67.69,68.74,281568
2021-11-29,64.78,66.19,63.84,64.78,191255
2021-11-30,63.96,64.65,63.87,64.44,231175
2021-12-01,68.69,71.57,67.32,69.68,326570
2021-12-02,65.73,67.44,63.9,65.07,438419
2021-12-03,67.01,68.37,65.9,66.55,459363
2021-12-06,71.13,71.31,70.58,70.95,392491
2021-12-07,70.85,72.26,70.42,71.01,384794
2021-12-08,73.94,74.17,72.39,73.8,466029
2021-12-09,68.81,70.49,66.22,68.14,493038
2021-12-10,65.39,66.6,64.32,65.68,439190
2021-12-13,62.42,65.18,61.28,63.32,462473
2021-12-14,71.77,73.51,70.85,72.1,484959
2021-12-15,65.72,66.94,64.01,65.61,450321
2021-12-16,68.85,71.1,67.19,69.41,521830
2021-12-17,64.77,65.8,64.36,64.56,450032
2021-12-20,68.5,69.47,67.97,69.14,487047
2021-12-21,63.86,65.06,63.73,64.15,341023
2021-12-22,63.56,64.28,62.28,63.51,458279
2021-12-23,64.74,66.59,63.46,65.68,442788
2021-12-24,69.4,69.51,68.23,68.9,423385
2021-12-27,69.6,71.02,68.31,69.74,167700
2021-12-28,62.44,63.69,60.94,62.34,369272
2021-12-29,70.56,71.28,69.92,70.71,297965
2021-12-30,67.16,68.89,67.04,67.12,211570
2021-12-31,64.59,65.92,62.41,64.33,187479
2022-01-03,61.89,63.24,61.28,61.55,388704
2022-01-04,65.32,65.7,63.94,65.32,391468
2022-01-05,67.28,69.66,67.1,67.91,322902
2022-01-06,74.45,75.82,71.67,73.49,400361
2022-01-07,73.02,75.12,72.55,74.0,235239
2022-01-10,71.41,73.8,70.49,72.4,498946
2022-01-11,71.23,73.73,70.04,72.07,396750
2022-01-12,65.18,65.43,64.05,65.13,496370
2022-01-13,67.88,68.95,66.27,67.95,475068
2022-01-14,72.58,73.46,72.42,73.1,535309
2022-01-17,62.93,63.93,62.27,62.87,416058
2022-01-18,72.59,73.66,70.46,71.7,476410
2022-01-19,62.34,63.27,61.27,62.73,453414
2022-01-20,70.6,72.81,69.17,71.3,327304
2022-01-21,63.84,64.4,62.65,62.99,335858
2022-01-24,67.4,68.41,66.67,67.22,168458
2022-01-25,66.9,68.18,65.52,67.08,203398
2022-01-26,67.6,69.39,66.96,68.36,309023
2022-01-27,70.82,71.52,68.78,69.85,274164
2022-01-28,69.82,70.69,68.79,69.16,430565
2022-01-31,63.89,65.85,61.65,63.57,202417
2022-02-01,75.17,76.51,74.98,75.01,502752
2022-02-02,63.3,64.7,62.11,64.15,386247
2022-02-03,73.37,73.76,72.44,72.8,242216
2022-02-04,66.5,68.54,64.96,66.9,549994
2022-02-07,66.89,68.33,66.51,67.35,390820
2022-02-08,73.04,74.89,72.3,73.23,557077
2022-02-09,73.52,73.96,71.5,72.75,309167
2022-02-10,68.52,70.17,66.9,68.66,370002
2022-02-11,69.59,70.42,67.87,69.46,231623
2022-02-14,67.66,68.98,67.4,68.63,493436
2022-02-15,68.03,68.07,67.39,67.67,243353
2022-02-16,69.69,70.37,68.79,70.2,372507
2022-02-17,70.09,71.64,67.68,69.62,488845
2022-02-18,73.81,74.06,73.63,73.9,405990
2022-02-21,70.34,71.31,69.25,70.6,475127
2022-02-22,72.78,73.46,72.32,72.35,208079
2022-02-23,68.97,70.99,67.12,69.21,395792
2022-02-24,72.68,73.58,72.55,72.56,443757
2022-02-25,73.02,74.69,72.96,73.62,261236
2022-02-28,70.39,71.73,69.41,70.07,280343
2022-03-01,75.69,77.42,74.87,76.55,517345
2022-03-02,71.54,72.22,70.91,71.67,472351
2022-03-03,72.4,73.18,71.34,71.53,271895
2022-03-04,75.61,75.91,73.98,75.19,264200
2022-03-07,66.7,67.5,66.1,67.16,488221
2022-03-08,73.38,73.83,72.81,72.98,278603
2022-03-09,78.32,79.44,76.77,78.23,189628
2022-03-10,74.76,75.78,72.69,74.43,239235
2022-03-11,74.16,75.73,72.14,73.99,114937
2022-03-14,72.03,74.08,70.28,72.93,250905
2022-03-15,74.7,76.58,73.33,75.3,147642
2022-03-16,78.01,78.38,75.96,77.16,257850
2022-03-17,73.67,75.29,72.35,73.36,514751
2022-03-18,76.84,77.95,76.19,76.48,513594
2022-03-21,75.77,76.78,74.57,75.79,504626
2022-03-22,73.88,76.07,73.36,74.45,360723
2022-03-23,74.9,76.1,72.67,74.35,366271
2022-03-24,74.37,76.17,72.32,73.79,273727
2022-03-25,75.42,76.88,74.36,76.05,162160
2022-03-28,71.24,72.9,69.39,70.75,335743
2022-03-29,77.75,79.58,75.86,78.01,529394
2022-03-30,76.97,77.44,75.18,77.33,305677
2022-03-31,76.94,78.93,76.24,77.74,113704
2022-04-01,74.22,75.21,73.34,74.48,391450
2022-04-04,73.67,74.94,73.49,74.3,155952
2022-04-05,76.29,77.15,75.39,76.39,451997
2022-04-06,77.41,78.69,77.3,77.36,441691
2022-04-07,77.76,78.05,75.71,77.15,411394
2022-04-08,73.11,75.33,71.81,73.75,314496
2022-04-11,81.5,83.37,79.66,80.55,372303
2022-04-12,76.61,77.29,74.67,76.94,142035
2022-04-13,81.02,81.75,79.69,80.16,254936
2022-04-14,77.6,80.39,76.33,78.56,234804
2022-04-15,75.04,76.77,74.8,74.9,225890
2022-04-18,80.58,81.97,79.26,81.54,338223
2022-04-19,78.08,78.45,77.51,77.87,364893
2022-04-20,85.3,86.62,82.84,84.56,326410
2022-04-21,76.4,78.92,75.17,77.13,175117
2022-04-22,83.64,83.73,82.08,83.31,170644
2022-04-25,83.43,84.23,81.94,83.21,357009
2022-04-26,86.34,87.83,85.88,86.22,205781
2022-04-27,80.29,80.75,78.35,79.58,466278
2022-04-28,88.44,89.55,86.08,88.06,535485
2022-04-29,84.45,85.64,83.75,83.96,178351
2022-05-02,80.64,82.46,78.86,80.28,139870
2022-05-03,82.1,83.25,80.11,81.24,276448
2022-05-04,84.51,85.31,82.4,84.21,177178
2022-05-05,83.86,84.17,82.65,84.0,394249
2022-05-06,82.01,83.95,81.61,82.97,424208
2022-05-09,81.74,82.38,79.91,80.74,434486
2022-05-10,86.97,88.31,85.3,86.67,321636
2022-05-11,87.71,89.21,86.09,87.0,486986
2022-05-12,83.85,85.81,83.84,84.18,472539
2022-05-13,85.46,85.92,85.02,85.5,418222
2022-05-16,84.46,85.49,83.18,83.95,296629
2022-05-17,83.36,85.0,82.09,82.88,432372
2022-05-18,82.9,83.04,81.39,82.65,440423
2022-05-19,81.98,84.16,81.06,82.65,493755
2022-05-20,85.69,87.45,84.38,84.74,396273
2022-05-23,85.23,86.18,84.9,85.52,358622
2022-05-24,90.51,90.7,87.59,89.57,257102
2022-05-25,87.32,87.33,85.18,86.85,304082
2022-05-26,85.41,85.79,84.95,85.64,257145
2022-05-27,86.72,87.6,85.64,86.96,505336
2022-05-30,91.4,92.71,90.97,91.11,145946
2022-05-31,91.5,92.61,91.1,91.63,430232
2022-06-01,86.4,87.66,84.04,85.54,453434
2022-06-02,90.06,91.35,88.2,89.24,257274
2022-06-03,88.76,89.42,88.57,89.13,300506
2022-06-06,86.58,86.69,83.99,85.95,507764
2022-06-07,92.71,93.97,91.83,92.71,374199
2022-06-08,92.37,93.23,90.83,91.39,470201
2022-06-09,87.49,89.1,85.74,88.01,271341
2022-06-10,87.31,88.17,87.24,87.93,218957
2022-06-13,89.35,91.89,89.05,89.92,307255
2022-06-14,88.37,88.92,86.46,87.93,286853
2022-06-15,93.93,95.36,92.95,94.42,261318
2022-06-16,95.38,97.59,93.6,96.02,417896
2022-06-17,88.38,90.11,87.13,88.93,535517
2022-06-20,90.28,90.8,89.42,90.4,147819
2022-06-21,92.04,93.34,90.15,92.72,422394
2022-06-22,91.74,92.27,90.8,91.47,120398
2022-06-23,90.83,91.88,89.57,90.09,138585
2022-06-24,94.5,96.85,93.18,95.03,457022
2022-06-27,87.11,89.27,85.2,87.27,293856
2022-06-28,88.83,90.21,88.72,88.97,485776
2022-06-29,91.53,92.19,89.0,90.79,460822
2022-06-30,94.66,95.68,93.07,93.84,239834
2022-07-01,90.66,91.81,88.96,90.14,386617
2022-07-04,92.9,94.19,91.21,93.22,186400
2022-07-05,90.08,91.38,88.18,89.92,385279
2022-07-06,88.17,90.13,86.48,87.64,459104
2022-07-07,92.62,93.69,91.28,92.58,316464
2022-07-08,102.28,104.21,99.54,101.54,327170
2022-07-11,99.07,100.08,97.76,98.38,515605
2022-07-12,96.06,98.02,95.89,95.92,328683
2022-07-13,94.28,96.08,92.97,93.51,237213
2022-07-14,98.75,100.23,96.99,98.28,454079
2022-07-15,95.94,97.82,94.05,95.75,422022
2022-07-18,97.48,98.75,97.4,97.82,232894
2022-07-19,93.78,95.01,93.62,93.99,309962
2022-07-20,100.61,102.71,99.63,101.35,401507
2022-07-21,94.46,94.73,92.87,94.65,563608
2022-07-22,93.85,95.42,92.81,92.92,240799
2022-07-25,99.41,101.05,97.74,99.03,461064
2022-07-26,97.84,99.41,97.55,97.77,353837
2022-07-27,100.65,103.1,99.98,101.44,442859
2022-07-28,100.3,100.83,99.74,99.79,271752
2022-07-29,96.91,98.33,96.74,97.75,509467
2022-08-01,101.5,101.8,101.09,101.61,224625
2022-08-02,100.71,101.67,97.79,99.74,249038
2022-08-03,98.06,98.1,95.61,97.21,292017
2022-08-04,93.33,95.51,92.04,93.55,479594
2022-08-05,100.12,100.16,98.36,99.82,272791
2022-08-08,100.91,103.01,99.03,101.11,172679
2022-08-09,102.1,102.73,100.94,102.47,278986
2022-08-10,103.59,104.41,102.52,103.12,316005
2022-08-11,98.32,98.92,96.23,97.61,205940
2022-08-12,103.72,105.37,102.98,103.23,331262
2022-08-15,105.88,107.09,105.05,105.79,270964
2022-08-16,102.66,103.39,102.0,103.21,294694
2022-08-17,101.89,103.7,100.9,101.26,239005
2022-08-18,97.89,99.83,96.05,97.37,385311
2022-08-19,105.95,107.49,105.87,106.22,508048
2022-08-22,100.23,100.48,99.16,100.19,227762
2022-08-23,104.53,105.14,101.87,103.62,200023
2022-08-24,107.78,110.21,106.47,108.62,219138
2022-08-25,100.59,101.49,99.55,101.05,248434
2022-08-26,102.99,103.85,102.36,102.92,331291
2022-08-29,105.79,106.32,105.06,106.09,490298
2022-08-30,104.9,105.03,103.29,104.97,337106
2022-08-31,105.8,107.04,103.75,105.6,209558
2022-09-01,104.27,104.84,103.16,104.84,214229
2022-09-02,103.93,105.87,102.57,103.26,494390
2022-09-05,103.49,103.59,102.75,103.05,207610
2022-09-06,105.55,106.48,105.02,105.85,347339
2022-09-07,105.81,106.81,103.71,105.35,357948
2022-09-08,107.15,107.63,105.36,107.53,387605
2022-09-09,108.58,109.85,106.7,108.3,449426
2022-09-12,101.61,103.48,100.49,101.56,525701
2022-09-13,103.88,105.57,103.78,104.57,470817
2022-09-14,100.53,103.01,98.88,101.53,376376
2022-09-15,104.77,106.96,103.88,105.73,501902
2022-09-16,103.97,104.14,103.52,104.05,257298
2022-09-19,99.18,100.5,98.21,98.8,408461
2022-09-20,106.79,107.46,105.55,106.84,417531
2022-09-21,106.98,107.97,104.96,106.38,233396
2022-09-22,106.4,107.15,103.74,105.66,451758
2022-09-23,103.95,105.7,103.58,104.51,407528
2022-09-26,100.91,101.4,100.64,100.78,311553
2022-09-27,107.05,108.6,105.35,107.9,550374
2022-09-28,106.29,108.67,104.95,107.29,163405
2022-09-29,110.41,112.06,110.22,110.78,232881
2022-09-30,105.51,105.61,104.13,105.27,413682
2022-10-03,107.99,109.75,106.94,107.99,426068
2022-10-04,112.68,114.24,110.64,111.81,496292
2022-10-05,107.22,107.81,104.67,106.62,423233
2022-10-06,103.02,103.58,100.73,102.66,317653
2022-10-07,106.84,107.27,105.28,106.67,537733
2022-10-10,108.08,109.5,106.06,107.84,404616
2022-10-11,105.88,106.84,104.05,106.52,211518
2022-10-12,105.38,107.7,104.69,106.16,207903
2022-10-13,107.42,108.07,106.12,106.63,277627
2022-10-14,106.17,108.48,105.05,106.66,139904
2022-10-17,109.98,112.52,109.59,110.86,310857
2022-10-18,110.35,110.86,108.13,109.74,483653
2022-10-19,105.01,106.63,104.02,104.6,195752
2022-10-20,103.87,105.04,103.4,104.19,362633
2022-10-21,108.28,109.96,107.09,108.15,178749
2022-10-24,110.23,111.11,107.96,109.29,245706
2022-10-25,110.84,110.94,109.42,110.44,453914
2022-10-26,108.88,111.23,108.1,109.27,213950
2022-10-27,112.11,113.68,110.74,112.72,225230
2022-10-28,103.21,105.25,102.05,104.14,321204
2022-10-31,108.09,108.68,107.9,108.43,304715
2022-11-01,108.61,110.56,107.99,108.61,277917
2022-11-02,106.03,107.21,104.5,105.87,216428
2022-11-03,109.93,112.14,108.07,110.46,282728
2022-11-04,108.71,109.42,107.67,108.13,301373
2022-11-07,106.45,107.28,106.04,106.79,325920
2022-11-08,105.33,107.84,105.2,106.2,377539
2022-11-09,101.5,103.4,99.69,102.42,243831
2022-11-10,105.8,107.26,104.32,106.54,164777
2022-11-11,110.07,112.03,108.62,110.03,475404
2022-11-14,100.93,103.27,100.24,101.72,402975
2022-11-15,109.26,109.37,106.61,108.33,181116
2022-11-16,104.89,105.99,104.39,104.41,173953
2022-11-17,106.65,108.09,106.39,107.02,393521
2022-11-18,107.06,107.74,105.32,107.35,481902
2022-11-21,109.06,109.61,108.74,109.03,277772
2022-11-22,111.4,112.48,110.09,111.58,396632
2022-11-23,108.55,109.08,107.65,108.36,471469
2022-11-24,110.68,112.52,110.23,111.36,187121
2022-11-25,106.14,106.89,106.1,106.38,235700
2022-11-28,108.79,110.51,108.12,108.71,357991
2022-11-29,106.05,106.83,104.41,105.07,348241
2022-11-30,111.52,112.04,111.31,111.56,178786
2022-12-01,108.4,109.96,107.45,108.08,497553
2022-12-02,106.03,106.69,105.95,106.31,436423
2022-12-05,106.51,109.32,105.99,107.38,393694
2022-12-06,110.87,112.62,109.51,110.78,314510
2022-12-07,108.2,109.0,106.62,108.5,138590
2022-12-08,104.07,105.59,102.82,104.64,456458
2022-12-09,108.83,111.65,108.38,109.76,232421
2022-12-12,104.73,106.57,104.37,104.88,380506
2022-12-13,108.34,109.7,106.92,108.12,185774
2022-12-14,108.94,110.7,107.56,108.66,504718
2022-12-15,107.54,107.81,106.89,107.7,158507
2022-12-16,108.4,109.59,107.3,107.54,244562
2022-12-19,112.32,114.14,109.65,111.41,219955
2022-12-20,106.34,108.05,105.89,106.05,514532
2022-12-21,109.88,110.47,109.66,109.68,453535
2022-12-22,111.32,113.23,110.22,110.35,342608
2022-12-23,110.96,111.34,109.45,111.27,492547
2022-12-26,107.73,108.38,106.5,107.85,293905
2022-12-27,109.94,111.18,108.19,110.36,267629
2022-12-28,108.08,108.56,107.42,107.81,162549
2022-12-29,107.03,108.33,107.03,107.48,319602
2022-12-30,103.39,104.29,101.45,102.41,378142
2023-01-02,106.76,107.96,105.78,106.1,479441
2023-01-03,103.15,104.9,102.14,103.45,161264
2023-01-04,109.17,110.35,108.25,108.88,213932
2023-01-05,108.63,109.35,106.27,107.76,309615
2023-01-06,107.54,107.94,104.97,106.9,206577
2023-01-09,100.87,102.59,98.8,100.78,412408
2023-01-10,106.66,107.52,104.22,106.1,436101
2023-01-11,106.31,108.53,105.25,106.89,477085
2023-01-12,109.25,111.17,107.14,109.08,450284
2023-01-13,104.67,106.6,103.05,104.55,397765
2023-01-16,105.75,106.95,104.64,105.75,400977
2023-01-17,98.82,100.37,97.31,98.08,274208
2023-01-18,108.35,109.77,108.04,108.13,354747
2023-01-19,103.71,104.37,102.28,103.97,186897
2023-01-20,106.42,107.29,105.71,105.95,393991
2023-01-23,109.05,111.14,108.91,109.62,173021
2023-01-24,105.87,107.48,103.93,106.47,239664
2023-01-25,104.54,105.27,103.02,103.67,513155
2023-01-26,104.7,105.72,103.94,105.41,415724
2023-01-27,107.08,107.89,106.63,107.15,160946
2023-01-30,106.92,109.47,104.97,107.87,193980
2023-01-31,107.66,110.01,107.2,108.08,132882
2023-02-01,110.29,111.59,109.8,110.26,141938
2023-02-02,98.19,100.12,97.69,98.82,271938
2023-02-03,108.71,110.46,108.7,109.3,580600
2023-02-06,104.86,105.81,102.58,104.12,539604
2023-02-07,105.92,106.63,105.41,106.19,375461
2023-02-08,111.99,113.37,110.82,112.03,459455
2023-02-09,105.6,107.64,103.86,105.67,519451
2023-02-10,103.72,104.5,102.74,102.97,251860
2023-02-13,101.29,102.05,99.22,100.98,174992
2023-02-14,107.72,108.11,106.73,106.94,399514
2023-02-15,105.33,105.78,105.16,105.44,164296
2023-02-16,107.94,109.02,106.76,108.07,229903
2023-02-17,102.53,103.42,101.06,103.03,235697
2023-02-20,102.1,103.32,100.69,101.26,420639
2023-02-21,103.77,105.75,103.14,104.11,499106
2023-02-22,107.11,108.63,105.21,107.55,302754
2023-02-23,101.94,104.14,100.09,102.26,517537
2023-02-24,106.76,107.87,104.62,106.19,249231
2023-02-27,108.54,108.97,106.73,108.34,355373
2023-02-28,101.67,103.49,100.75,102.39,159892
2023-03-01,103.56,104.33,102.28,103.16,487648
2023-03-02,103.29,103.95,102.0,103.93,225884
2023-03-03,107.56,109.23,105.5,106.57,263189
2023-03-06,108.28,109.17,106.06,107.84,194735
2023-03-07,103.22,104.77,102.78,102.79,259565
2023-03-08,104.1,105.35,103.66,103.93,476085
2023-03-09,106.23,107.43,105.19,106.9,295250
2023-03-10,107.89,108.27,105.26,107.2,244647
2023-03-13,107.08,107.56,105.24,106.73,404921
2023-03-14,106.23,107.82,104.37,105.55,250781
2023-03-15,100.54,101.48,98.74,100.58,222703
2023-03-16,106.23,108.96,104.7,107.02,426177
2023-03-17,109.18,111.17,108.29,108.59,183790
2023-03-20,102.67,103.26,101.79,102.38,479971
2023-03-21,103.58,105.36,102.77,104.04,287389
2023-03-22,102.94,103.83,102.22,103.16,405755
2023-03-23,101.59,103.52,99.88,102.34,488090
2023-03-24,103.53,105.03,103.04,103.34,152289
2023-03-27,98.9,99.78,98.89,99.09,517432
2023-03-28,104.59,105.07,104.23,104.3,465393
2023-03-29,110.09,111.74,109.2,109.23,272419
2023-03-30,102.74,104.0,101.21,102.49,273646
2023-03-31,99.73,101.04,99.4,100.53,386147
2023-04-03,103.48,103.97,102.2,102.85,469064
2023-04-04,104.37,105.92,102.31,103.85,189665
2023-04-05,107.41,108.27,106.22,107.39,320074
2023-04-06,102.05,103.13,100.71,102.79,526217
2023-04-07,101.82,102.98,101.06,102.79,489323
2023-04-10,107.49,107.99,106.29,106.58,408802
2023-04-11,99.98,101.41,98.84,99.3,567840
2023-04-12,106.23,107.94,104.74,105.86,223309
2023-04-13,108.43,109.77,106.93,107.66,467659
2023-04-14,100.41,101.0,99.38,99.69,300688
2023-04-17,102.57,104.18,100.92,102.34,438057
2023-04-18,103.49,104.51,102.27,104.38,262059
2023-04-19,105.37,105.9,103.35,104.72,186508
2023-04-20,98.79,98.89,97.59,97.92,455698
2023-04-21,98.03,99.32,96.22,97.38,123957
2023-04-24,97.84,100.36,97.03,98.49,196185
2023-04-25,102.53,104.11,102.53,102.9,255578
2023-04-26,99.47,101.21,99.23,100.39,391732
2023-04-27,103.75,105.57,103.5,103.52,373459
2023-04-28,103.73,104.95,102.03,104.25,506752
2023-05-01,108.19,108.23,106.13,107.94,178185
2023-05-02,101.53,103.25,99.05,100.98,483592
2023-05-03,100.59,100.68,99.55,100.48,398977
2023-05-04,105.88,106.42,104.82,105.34,529043
2023-05-05,106.73,108.51,105.41,107.25,181639
2023-05-08,104.18,104.44,101.91,103.62,288926
2023-05-09,104.97,105.3,103.08,105.11,200580
2023-05-10,99.9,101.13,98.14,100.74,268233
2023-05-11,98.5,100.44,97.64,98.22,143031
2023-05-12,102.31,103.69,102.09,102.42,353368
2023-05-15,101.18,101.92,100.76,101.16,438296
2023-05-16,108.63,110.38,107.93,109.04,283752
2023-05-17,106.54,107.17,105.67,105.96,504615
2023-05-18,107.84,108.8,105.42,107.1,272323
2023-05-19,103.96,105.11,102.79,103.43,141421
2023-05-22,106.11,106.51,103.49,105.2,501264
2023-05-23,104.79,105.1,103.14,104.79,249411
2023-05-24,100.8,102.56,99.54,101.23,226145
2023-05-25,102.53,104.19,102.47,102.95,345849
2023-05-26,107.9,108.12,105.96,107.98,204501
2023-05-29,100.08,100.23,99.37,99.56,285140
2023-05-30,101.66,103.46,99.86,102.4,306988
2023-05-31,107.85,107.99,106.02,107.26,505294
2023-06-01,104.01,105.61,103.04,104.86,205948
2023-06-02,105.2,105.63,102.95,104.88,295632
2023-06-05,104.01,105.81,102.13,103.32,363092
2023-06-06,102.41,104.06,101.21,102.72,245709
2023-06-07,108.18,108.69,107.86,108.39,467695
2023-06-08,105.24,107.93,104.05,105.99,321050
2023-06-09,106.18,107.76,105.64,106.11,145876
2023-06-12,104.45,106.59,103.28,105.41,287247
2023-06-13,108.3,109.55,107.51,107.95,243587
2023-06-14,109.58,110.09,108.7,109.18,243371
2023-06-15,105.15,107.01,103.57,105.46,176843
2023-06-16,104.44,106.27,103.24,105.05,197262
2023-06-19,106.21,108.46,105.96,107.02,316175
2023-06-20,110.83,110.84,110.05,110.37,171624
2023-06-21,108.45,109.51,107.45,108.45,477129
2023-06-22,103.86,105.11,102.43,104.0,265627
2023-06-23,108.58,110.69,107.6,109.48,355144
2023-06-26,106.11,108.17,105.0,106.25,404741
2023-06-27,101.93,102.67,100.84,102.22,249939
2023-06-28,107.65,108.63,106.72,107.18,326902
2023-06-29,105.56,105.9,103.94,105.84,272474
2023-06-30,103.87,104.44,101.64,103.52,351096
2023-07-03,113.12,115.35,112.28,113.82,588470
2023-07-04,108.48,109.63,107.06,108.9,535996
2023-07-05,108.49,108.54,106.14,107.79,116171
2023-07-06,108.61,109.99,107.61,107.78,369804
2023-07-07,104.16,104.72,102.2,104.33,345656
2023-07-10,109.76,110.44,108.42,109.88,336495
2023-07-11,106.85,107.85,105.25,107.04,517132
2023-07-12,107.73,109.04,106.84,108.62,258248
2023-07-13,110.94,111.41,108.87,110.75,140457
2023-07-14,117.82,118.34,115.28,117.05,231595
2023-07-17,108.85,110.76,108.37,109.33,476710
2023-07-18,108.02,109.49,106.1,108.66,135867
2023-07-19,111.54,113.1,110.95,111.23,441554
2023-07-20,105.25,107.96,104.72,106.07,190557
2023-07-21,109.04,109.17,108.68,108.92,272249
2023-07-24,105.5,106.51,103.89,106.43,206660
2023-07-25,105.62,107.46,103.93,104.8,414708
2023-07-26,107.92,108.85,107.08,108.75,468487
2023-07-27,107.37,108.99,105.83,108.29,229996
2023-07-28,112.74,113.4,111.27,112.05,440719
2023-07-31,113.93,114.76,112.63,114.74,249976
2023-08-01,110.81,110.96,109.84,110.55,238021
2023-08-02,109.29,111.8,107.59,109.92,123585
2023-08-03,111.99,113.13,110.63,111.1,194961
2023-08-04,111.47,114.14,110.57,112.38,403412
2023-08-07,110.06,112.1,109.56,110.78,369496
2023-08-08,111.76,114.38,110.95,112.62,122990
2023-08-09,111.21,111.84,110.92,110.97,175692
2023-08-10,105.91,108.61,105.04,106.81,326866
2023-08-11,115.61,116.68,114.8,115.16,209694
2023-08-14,116.59,116.95,115.76,116.39,502198
2023-08-15,106.45,108.46,106.1,107.14,306911
2023-08-16,104.76,104.82,104.5,104.55,278021
2023-08-17,114.65,114.72,112.12,114.08,453516
2023-08-18,118.92,119.58,117.96,118.74,464809
2023-08-21,110.98,111.24,109.7,110.0,216040
2023-08-22,112.28,113.06,111.51,111.71,268216
2023-08-23,118.7,120.4,118.24,119.46,474872
2023-08-24,106.57,108.43,105.61,106.38,586736
2023-08-25,115.99,116.48,113.63,115.3,313509
2023-08-28,118.14,120.25,117.09,118.77,331919
2023-08-29,112.45,113.71,109.8,111.59,570226
2023-08-30,113.9,115.82,112.19,114.0,252721
2023-08-31,112.54,112.69,110.71,111.73,170145
2023-09-01,121.63,122.85,119.76,120.97,535528
2023-09-04,117.7,117.88,116.43,117.07,323707
2023-09-05,114.57,114.74,112.82,114.49,176506
2023-09-06,113.81,115.77,112.36,112.97,150523
2023-09-07,120.39,122.34,118.53,121.14,353847
2023-09-08,115.81,116.75,114.76,115.67,521158
2023-09-11,116.06,117.8,114.21,116.84,331915
2023-09-12,121.72,123.58,121.1,121.87,474789
2023-09-13,111.65,113.98,111.25,112.44,455168
2023-09-14,123.55,125.39,122.21,123.65,557036
2023-09-15,121.2,122.44,119.97,120.27,416866
2023-09-18,118.6,120.9,117.18,119.59,448040
2023-09-19,119.93,122.24,118.49,120.81,477599
2023-09-20,118.35,118.71,115.78,117.71,291314
2023-09-21,124.89,126.52,123.26,125.36,290593
2023-09-22,117.77,117.91,116.35,117.86,256278
2023-09-25,119.15,120.78,117.76,118.21,220532
2023-09-26,118.68,120.38,117.68,117.69,181094
2023-09-27,120.51,121.62,119.39,121.09,528588
2023-09-28,125.53,126.02,124.0,125.24,405873
2023-09-29,118.51,119.78,117.52,118.35,197902
2023-10-02,119.64,120.09,119.07,119.51,324976
2023-10-03,121.16,122.43,119.09,121.05,249766
2023-10-04,119.63,120.04,117.8,119.13,265023
2023-10-05,122.72,123.03,121.41,122.63,185965
2023-10-06,126.13,126.9,125.24,125.58,487113
2023-10-09,121.19,122.48,119.43,120.59,270898
2023-10-10,123.24,123.82,123.14,123.6,175567
2023-10-11,119.03,120.41,117.11,119.62,161278
2023-10-12,123.56,125.55,122.17,124.04,439230
2023-10-13,121.03,122.4,119.96,121.98,217857
2023-10-16,124.96,125.65,124.33,124.96,468978
2023-10-17,128.13,129.57,126.14,128.7,140614
2023-10-18,125.93,126.84,125.29,125.4,163423
2023-10-19,123.09,124.49,121.41,122.6,454713
2023-10-20,128.45,128.53,127.49,127.82,507140
2023-10-23,127.17,129.91,125.84,128.01,290485
2023-10-24,124.43,125.58,124.33,125.18,267756
2023-10-25,124.37,124.7,123.73,124.11,220657
2023-10-26,124.43,125.44,123.57,124.2,364712
2023-10-27,126.01,127.5,125.18,125.56,139833
2023-10-30,125.66,127.06,125.64,126.04,137691
2023-10-31,127.56,129.02,127.29,127.49,188733
2023-11-01,132.49,133.27,132.33,132.7,277570
2023-11-02,132.79,132.88,130.8,132.16,426378
2023-11-03,125.85,127.09,125.01,125.28,456328
2023-11-06,125.24,126.59,123.8,125.26,239733
2023-11-07,127.66,128.3,127.62,127.64,129690
2023-11-08,121.68,123.73,121.1,121.83,392023
2023-11-09,126.91,128.02,124.97,127.84,239395
2023-11-10,126.05,127.54,124.1,126.46,289004
2023-11-13,129.85,130.56,129.13,130.04,259078
2023-11-14,129.81,129.99,128.06,129.65,221102
2023-11-15,132.26,134.06,131.56,132.77,328796
2023-11-16,132.29,134.16,131.75,132.62,124986
2023-11-17,130.62,132.14,130.32,130.77,232436
2023-11-20,134.4,136.2,133.51,133.77,460646
2023-11-21,129.83,130.99,127.88,129.15,457666
2023-11-22,130.29,131.62,128.78,130.23,419397
2023-11-23,126.89,128.0,125.95,127.79,253752
2023-11-24,130.29,132.45,128.48,130.55,295769
2023-11-27,130.59,131.2,129.4,130.26,340311
2023-11-28,136.24,136.96,134.62,135.44,241113
2023-11-29,131.59,132.13,130.29,131.35,277939
2023-11-30,137.08,138.09,135.84,136.39,354588
2023-12-01,132.18,134.7,131.99,133.01,174604
2023-12-04,129.75,130.86,128.6,129.11,381140
2023-12-05,131.2,132.11,130.77,131.9,460336
2023-12-06,131.59,131.99,130.93,131.16,302766
2023-12-07,133.94,134.67,133.33,133.92,291043
2023-12-08,136.97,138.39,135.96,136.19,291017
2023-12-11,130.53,130.64,128.16,129.96,367595
2023-12-12,134.81,135.98,133.06,133.99,403297
2023-12-13,135.39,136.17,134.72,135.96,354798
2023-12-14,135.32,135.55,134.43,134.85,461566
2023-12-15,134.18,135.88,132.22,134.25,428456
2023-12-18,135.26,135.68,132.42,134.28,311944
2023-12-19,134.64,135.81,132.4,134.27,251829
2023-12-20,136.76,138.64,134.48,136.15,184706
2023-12-21,134.9,135.58,133.67,134.45,270617
2023-12-22,136.85,138.07,134.12,136.06,229948
2023-12-25,134.33,136.09,134.18,134.75,192163
2023-12-26,146.29,146.38,143.91,145.63,365463
2023-12-27,137.67,139.24,136.59,137.34,303150
2023-12-28,133.5,135.58,131.61,133.77,415400
2023-12-29,138.64,139.97,137.65,138.14,211123
